County Name,Net Enrollment Rate Both Sexes,Net Enrollment Male,Net Enrollment Female,Adult Literacy Rate,GDP per capita,GNI per capita,Internet Users,population 15-64 female,Population female,population 15-64 male,Population male,population 15-64 total,Population total,
Arab World,85.32015228,86.75338745,83.8208313,77.36458588,,,,,,,,,,
East Asia & Pacific,96.20796204,96.21980286,96.19481659,95.10822296,9665.056079,15330.47201,46.81210321,784969458,1114333842,814574013,1151357557,1599543887,2265898057,-666354170
East Asia & Pacific (excluding high income),96.02580261,96.04087067,96.00901794,94.75167084,6307.578998,12118.24671,42.06223367,704643495,990675605,732828939,1031214381,1437472383,2022021082,-584548699
Euro area,98.91931152,98.96993256,98.86608124,,39820.58502,40161.56936,77.00232229,109927490,172687848,110769431,165741798,220698124,338429646,-117731522
Europe & Central Asia,97.0220871,97.01220703,97.03249359,98.99758911,26192.93477,29915.20729,68.94435122,304892832,464453905,298303690,436410059,603198409,903094668,-299896259
Europe & Central Asia (excluding high income),94.63925934,94.61537933,94.66441345,98.79963684,9887.848051,18634.53857,56.90141989,144507102,214381703,137033883,196307448,281541581,412510951,-130969370
European Union,98.5083313,98.52622986,98.48951721,,,,,,,,,,,0
Heavily indebted poor countries (HIPC),80.68956757,82.76576233,78.57621002,57.83716583,919.1971285,2049.846138,10.45985432,189000834,353490245,185499909,351255175,374500612,704745420,-330244808
High income,96.81752777,96.70590973,96.93456268,,42826.39266,45092.69893,78.47228334,383711708,590728471,397760699,584442992,781473168,1175966521,-394493353
Latin America & Caribbean,93.97532654,93.76145172,94.19831085,92.62431335,10237.42435,15007.92039,48.76919872,210095801,315440066,205623771,308573533,415719611,624331830,-208612219
Latin America & Caribbean (excluding high income),94.00299835,93.78986359,94.2252121,92.44799042,9891.404494,14622.85364,48.07666979,200854248,301669146,196490722,295293439,397344989,597035363,-199690374
Least developed countries: UN classification,82.52706909,84.55892944,80.45246887,60.56823349,1004.424747,2432.793412,10.46735545,264470648,468852095,259039276,465329318,523509348,934192321,-410682973
Low & middle income,90.44096375,91.28028107,89.54110718,82.30508423,4711.089694,9497.664236,32.42386616,1969049966,3010693515,2014521106,3080300466,3983570618,6093019655,-2109449037
Low income,81.07556915,83.38160706,78.72939301,56.57405472,659.3436492,1561.04792,7.712589106,169314985,314379069,164958792,310380845,334273267,624759914,-290486647
Lower middle income,90.51457977,91.29637146,89.67218781,73.91007996,2075.893344,6111.692496,22.68924498,912889919,1436796981,944159069,1488575535,1857048867,2927194316,-1070145449
Middle East & North Africa,94.59278107,95.90574646,93.21486664,80.75001526,8464.051914,18271.24618,40.13850778,131266730,203466228,143331606,217556613,274596884,421022841,-146425957
Middle East & North Africa (excluding high income),94.3022995,95.66954803,92.86805725,78.43881226,4407.790776,12045.57761,34.68657587,115033467,179216394,115894819,181861603,230928060,361077997,-130149937
Middle income,92.48592377,93.02291107,91.90377045,84.3886795,5173.999422,10405.72286,35.08866083,1799734981,2696314446,1849562314,2769919621,3649297351,5468259741,-1818962390
North America,94.47843933,94.11829376,94.8539505,,54187.49409,54980.93314,74.40481529,117493525,178931538,118143490,175176482,235637224,354173159,-118535935
OECD members,96.81095123,96.65863037,96.9703598,,,,,,,,,,,0
South Asia,93.53793335,94.04656982,92.97762299,66.69117737,1497.055909,5289.310727,19.07094498,538867129,833980568,571782307,887859971,1110648873,1721840539,-611191666
Sub-Saharan Africa,78.7673111,80.78981781,76.70359802,60.88054657,1819.169878,3519.451896,14.76994239,265176199,490815839,260522928,487809243,525698898,978625081.7,-452926183.7
Sub-Saharan Africa (excluding high income),78.76647186,80.78910828,76.70262909,60.87575531,1817.885502,3517.451756,14.76640037,265144525,490770099,260490436,487763624,525634732,978533722.7,-452898990.7
Upper middle income,95.66017914,95.78191376,95.52690125,94.26898956,8741.294774,15374.57979,49.02025566,886845062,1259517465,905403245,1281344086,1792248484,2541065425,-748816941
World,91.26405334,92.02387238,90.45097351,85.31338501,10874.86324,15235.18285,39.93869834,2352761674,3601421986,2412281805,3664743458,4765043786,7268986176,-2503942390
Afghanistan,,,,,612.0696514,1890,7,8225550,15881092,8891544,16876928,17117081,32758020,-15640939
Albania,95.92089081,,,,4578.666728,11200,60.1,989926,1431651,1006532,1457453,1996460,2889104,-892644
Algeria,,,,,5466.425778,13890,29.5,12781924,19365041,13018927,19748272,25800849,39113313,-13312464
American Samoa,,,,,11598.75174,,,,,,,,55437,-55437
Andorra,,,,,42294.99473,,95.9,,,,,,79223,-79223
Angola,,,,66.03011,4709.312024,6130,10.2,6995004,13731363,6601364,13189103,13596360,26920466,-13324106
Antigua and Barbuda,85.83293915,86.9190979,84.75028992,,12946.98694,20040,67.78,35435,51450,32319,47425,67755,98875,-31120
Argentina,99.67455292,99.87164307,99.47064209,,12245.25645,19400,64.7,13818767,21951996,13621957,21029519,27440753,42981515,-15540762
Armenia,,,,,3994.712355,8790,54.62280586,1085843,1541734,932139,1364486,2017975,2906220,-888245
Aruba,99.30724335,99.19191742,99.4274826,,,,83.78,37723,54417,34064,49378,71790,103795,-32005
Australia,97.13818359,96.92397308,97.36380005,,62214.60912,45220,84,7778298,11761189,7820598,11699505,15598904,23460694,-7861790
Austria,,,,,51733.48192,49070,80.99582496,2859816,4363705,2876299,4177870,5736127,8541575,-2805448
Azerbaijan,94.81210327,95.57256317,93.94293213,99.78899,7891.299776,17100,75.00001564,3464593,4793328,3353559,4741751,6818152,9535079,-2716927
"Bahamas, The",,,,,28374.35794,22250,76.92,138385,195145,133339,187024,271725,382169,-110444
Bahrain,95.72109985,95.14833069,96.32067871,,24983.37902,38340,90.50313348,363036,513091,666145,823306,1029523,1336397,-306874
Bangladesh,,,,,1084.56543,3340,13.9,51597232,78946134,52072744,80459145,103669903,159405279,-55735376
Barbados,91.48681641,90.5532074,92.47428894,,16261.79932,16500,75.16,98140,147559,91168,135826,189305,283385,-94080
Belarus,94.06121063,93.9804306,94.14642334,,8318.51269,18320,59.02,3425970,5067708,3202324,4406803,6628315,9474511,-2846196
Belgium,99.11380005,99.02503204,99.2066803,,47379.17392,45030,85,3623034,5703575,3669422,5505482,7292570,11209057,-3916487
Belize,99.14756775,99.79244232,98.48648834,,4852.223666,7750,38.7,112199,176265,109903,175429,222102,351694,-129592
Benin,95.86662292,,,,943.686575,2090,6,2776869,5163869,2729613,5122843,5506483,10286712,-4780229
Bermuda,,,,,,,96.8,,,,,,65139,-65139
Bhutan,88.98287201,87.74192047,90.25965881,,2504.717407,7230,30.3,240983,363791,282807,412657,523784,776448,-252664
Bolivia,89.25406647,89.93421936,88.54997253,,3124.00031,6320,34.6,3210286,5272022,3208073,5290137,6418360,10562159,-4143799
Bosnia and Herzegovina,,,,,5204.243718,11320,60.8,1241764,1815708,1257429,1750294,2499199,3566002,-1066803
Botswana,,,,,7497.762378,16410,36.74474744,705383,1096973,690069,1071600,1395455,2168573,-773118
Brazil,94.71505737,94.20780945,95.24736023,91.72943,12026.61731,15870,54.55100188,71802643,103757887,69825492,100455246,141628142,204213133,-62584991
British Virgin Islands,,,,,,,,,,,,,,0
Brunei Darussalam,,,,,41530.66898,80080,68.77,142799,199453,153652,212251,296452,411704,-115252
Bulgaria,96.35822296,96.10733032,96.62460327,,7853.335191,17260,55.49,2378828,3710287,2421934,3513651,4800771,7223938,-2423167
Burkina Faso,67.95353699,69.70858765,66.15995026,34.5994,703.8216565,1600,9.4,4623020,8835378,4488191,8750599,9111212,17585977,-8474765
Burundi,95.68190002,94.7352829,96.61485291,61.56973,312.7489794,850,1.38,2686482,5029633,2544854,4862157,5231333,9891790,-4660457
Cabo Verde,98.24250031,98.07980347,98.41062927,,3529.618403,5930,40.26,166891,264330,168662,262107,335552,526437,-190885
Cambodia,94.70745087,95.73677826,93.65384674,,1098.687123,3100,14,5072907,7823844,4726949,7446946,9799868,15270790,-5470922
Cameroon,94.70314789,99.53507996,89.80786133,,1571.182535,3340,16.21487223,5968616,11114754,5959589,11125150,11928208,22239904,-10311696
Canada,,,,,50440.43376,44340,87.12,12083759,17913625,12175101,17630939,24258899,35544564,-11285665
Cayman Islands,,,,,,,74.1,,,,,,59172,-59172
Central African Republic,,,,,377.1320274,640,3.6,1207338,2288171,1174129,2227221,2381467,4515392,-2133925
Chad,,,,,1025.998515,2090,2.9,3377402,6779132,3362285,6790306,6739689,13569438,-6829749
Channel Islands,,,,,,,,55266,82179,55937,80790,111202,162969,-51767
Chile,93.07367706,93.13883209,93.00626373,,14817.37778,22280,61.11,6035446,8892196,6071889,8721602,12107339,17613798,-5506459
China,,,,,7683.502613,13460,47.9,484147706,661488955,511898835,702781045,996046584,1364270000,-368223416
Colombia,92.25850677,92.05799103,92.46755219,94.18625,7913.383242,12950,52.57,16663765,24256048,16091740,23535863,32755499,47791911,-15036412
Comoros,81.2953186,82.65895844,79.88420868,,852.9543079,1510,6.98,213966,376435,217082,382950,431053,759385,-328332
"Congo, Dem. Rep.",,,,,461.5680853,700,3,18771882,36971104,18525984,36751756,37297867,73722860,-36424993
"Congo, Rep.",,,,,2910.520226,4830,7.11,1320633,2434474,1322182,2436627,2642817,4871101,-2228284
Costa Rica,96.35826874,96.35903931,96.35746002,,10647.44179,14530,53,1630882,2376650,1637638,2380925,3268521,4757575,-1489054
Cote d'Ivoire,75.21148682,79.5920105,70.77889252,43.90842,1569.928275,3130,19.2742298,5973178,11084143,6237450,11447207,12210626,22531350,-10320724
Croatia,98.35447693,97.12081909,99.65828705,,13467.46827,21540,68.57,1410724,2196497,1408375,2041892,2819112,4238389,-1419277
Cuba,93.23931122,92.89295197,93.60787964,,7050.50199,,29.07018437,3969794,5714209,4035521,5725558,8005323,11439767,-3434444
Curacao,,,,,,,,,,,,,,0
Cyprus,97.13529205,96.5196991,97.79261017,,27340.88382,29370,69.33,401400,575633,410117,576676,811526,1152309,-340783
Czech Republic,,,,,19744.55861,30170,74.23171164,3508041,5353716,3606152,5171631,7114159,10525347,-3411188
Denmark,98.39575958,98.10974121,98.69461823,,62548.98502,49540,95.99,1800406,2837979,1833814,2805496,3634215,5643475,-2009260
Djibouti,64.64447784,69.26512146,59.90496826,,1740.915011,,10.71,287892,454190,290441,457974,578330,912164,-333834
Dominica,,,,,7195.39349,10450,57.5,,,,,,72778,-72778
Dominican Republic,85.79667664,86.23358917,85.34409332,91.76376,6268.692122,12650,49.58,3317605,5219011,3262477,5186833,6580083,10405844,-3825761
Ecuador,98.0846405,97.13169861,99.07772064,94.22264,6396.630483,11310,45.59039067,5109352,7951447,5088266,7951665,10197616,15903112,-5705496
"Egypt, Arab Rep.",98.94184113,98.54794312,99.36022186,,3327.754247,10160,33.89460391,28115129,45405158,28802267,46407408,56917392,91812566,-34895174
El Salvador,94.11376953,93.7930603,94.44819641,,3988.771871,7780,24.76171215,2159703,3322780,1822066,2958409,3981742,6281189,-2299447
Equatorial Guinea,,,,,19245.65151,22090,18.86,281309,507814,390013,621610,671315,1129424,-458109
Eritrea,40.68566132,42.71607971,38.56753922,,,,0.99,,,,,,,0
Estonia,95.59181213,95.22187805,95.98204041,,19949.58138,27770,84.24152803,436896,700288,424860,614257,861757,1314545,-452788
Ethiopia,86.48947144,89.32675934,83.59432983,,571.1622759,1500,7.7,26662493,48760607,26249067,48606167,52911554,97366774,-44455220
Faroe Islands,,,,,57543.66906,,93.3,,,,,,48842,-48842
Fiji,,,,,5045.769926,8220,37.4,284511,435004,296330,450802,580843,885806,-304963
Finland,99.50386047,99.14086151,99.88448334,,49914.61864,41890,86.53039275,1725204,2775369,1766792,2686143,3492007,5461512,-1969505
France,99.44226837,99.24085236,99.65260315,,42955.24287,40800,83.75,20885887,33747200,21031896,32584757,41917948,66331957,-24414009
French Polynesia,,,,,,,60.68,92412,134936,97199,140548,189611,275484,-85873
Gabon,,,,,9692.163874,16650,38.07120929,530655,912250,583541,963463,1114175,1875713,-761538
"Gambia, The",71.24638367,68.3746109,74.15888214,,434.4656471,1590,15.56,510662,968409,482185,949443,992846,1917852,-925006
Georgia,,,,99.58619,4429.650075,9130,44,1287587,1949259,1209992,1777741,2497565,3727000,-1229435
Germany,99.84542084,,,,48042.56343,48130,86.19,26386527,41177351,26941045,39805149,53327698,80982500,-27654802
Ghana,89.31228638,89.15013123,89.48120117,,1432.227943,3890,25.51773743,7912767,13562832,7621859,13399731,15534587,26962563,-11427976
Gibraltar,,,,,,,,,,,,,34038,-34038
Greece,96.28167725,96.56871796,95.9801712,,21760.9798,26490,63.21,3563448,5528491,3599040,5363922,7162507,10892413,-3729906
Greenland,,,,,45317.11429,,66.7,,,,,,56295,-56295
Grenada,97.33255005,97.41934967,97.24117279,,8569.776998,12220,51.6,34748,53042,35740,53318,70485,106360,-35875
Guam,,,,,34361.08022,,69.27,51689,79354,53922,81613,105611,160967,-55356
Guatemala,88.9645462,89.06153107,88.86421204,81.2859,3687.763767,7330,23.4,4832134,8092461,4514353,7831098,9346487,15923559,-6577072
Guinea,78.01779938,83.6918335,72.24021912,32.00386,744.6823178,1730,6.4,3185450,5891446,3200200,5914063,6385656,11805509,-5419853
Guinea-Bissau,,,,45.58116,611.4384267,1540,3.32,489626,877836,464788,847908,954416,1725744,-771328
Guyana,,,,85.63973,4031.532007,7220,32,246344,379485,247929,383908,494272,763393,-269121
Haiti,,,,,830.1148117,1750,11.4,3299449,5343654,3177603,5228812,6477057,10572466,-4095409
Honduras,94.87908173,94.60671234,95.16148376,87.19753,2242.707459,4090,19.08,2753459,4418009,2706435,4391207,5459894,8809216,-3349322
"Hong Kong SAR, China",,,,,40247.36691,56660,79.86627043,2933367,3885603,2442981,3356097,5376335,7241700,-1865365
Hungary,95.88162231,95.86749268,95.89650726,,14201.44883,24430,75.65319745,3418022,5178828,3329615,4687640,6747667,9866468,-3118801
Iceland,,,,,52473.11356,43560,98.16,107140,163026,109881,164360,217019,327386,-110367
India,,,,,1573.118089,5610,21,407598841,623063359,438414160,670795935,846013020,1293859294,-447846274
Indonesia,92.88332367,93.36312866,92.37377167,95.11622,3491.595887,10180,17.14,84448974,126574773,86096239,128556343,170545175,255131116,-84585941
"Iran, Islamic Rep.",99.34346771,,,84.70524,5540.984136,17880,39.35,28058736,38923852,28017192,39487240,56075715,78411092,-22335377
Iraq,,,,,6703.074737,15410,13.21,9758702,17296181,9866152,17709899,19624851,35006080,-15381229
Ireland,98.92880249,98.27928925,99.61701202,,55899.16348,43660,79.69,1522269,2325925,1507074,2291300,3029345,4617225,-1587880
Isle of Man,,,,,89941.64429,,,,,,,,82590,-82590
Israel,97.06532288,96.78489685,97.36096954,,37539.95182,34640,75.01775316,2525623,4144596,2500723,4071104,5026349,8215700,-3189351
Italy,99.27877045,99.52796173,99.01555634,,35396.66572,36300,55.63846022,19534832,31219344,19500488,29569796,39035661,60789140,-21753479
Jamaica,,,,,4855.800481,8300,40.4027351,962311,1438191,951310,1423896,1913620,2862087,-948467
Japan,99.95001221,99.94999695,99.95001984,,38096.21151,40810,89.10683302,38631017,65078022,39748533,62197978,78379970,127276000,-48896030
Jordan,,,,,4066.940775,8980,46.2,2592706,4342550,2686862,4466756,5279573,8809306,-3529733
Kazakhstan,99.49298859,99.39260864,99.59861755,,12806.56511,22310,66,5967321,8918736,5632789,8370488,11600105,17289224,-5689119
Kenya,,,,78.73304,1335.06458,2860,16.5,12972876,23148907,12657390,22875343,25630264,46024250,-20393986
Kiribati,97.64276123,,,,1619.342566,3680,12.25,34741,56024,33017,54434,67756,110458,-42702
"Korea, Dem. People’s Rep.",,,,,,,,8642642,12835326,8666776,12281037,17309412,25116363,-7806951
"Korea, Rep.",96.54998016,96.79084015,96.2919693,,27811.36638,33740,87.55682649,18204918,25340846,18988155,25405813,37193108,50746659,-13553551
Kosovo,,,,,4054.721339,9290,,,,,,,1821800,-1821800
Kuwait,98.70320129,98.10343933,99.33355713,,42996.40812,81790,78.7,1186948,1608467,1714392,2173983,2901402,3782450,-881048
Kyrgyz Republic,97.98143768,98.4154129,97.53138733,,1279.769783,3210,28.3,1913837,2943790,1876411,2891710,3790251,5835500,-2045249
Lao PDR,95.12422943,95.89156342,94.32682037,,2017.587781,5170,14.26,2057455,3299587,2023170,3276810,4080625,6576397,-2495772
Latvia,97.02603149,96.72271729,97.34306335,,15758.52974,23870,75.83,677925,1079155,638338,914627,1316271,1993782,-677511
Lebanon,83.74484253,86.4019165,81.1452713,,8536.682494,14410,73,1877891,2783142,1921882,2820137,3799776,5603279,-1803503
Lesotho,80.73084259,79.00480652,82.48471832,76.6352,1218.466106,3120,22,665995,1105439,613834,1040346,1279825,2145785,-865960
Liberia,38.12701035,39.10947037,37.10467911,,458.4651734,710,5.41,1189529,2178344,1194701,2212393,2384228,4390737,-2006509
Libya,,,,,,,17.76,2059833,3066177,2106478,3137931,4166313,6204108,-2037795
Liechtenstein,97.49867249,96.94093323,98.06659698,,179308.0756,,95.21,,,,,,37127,-37127
Lithuania,99.46846771,99.08415222,99.87255096,,16554.97139,27800,72.13,1015205,1582528,951263,1349839,1966503,2932367,-965864
Luxembourg,95.97609711,95.76879883,96.19624329,,119225.38,65930,94.67,188989,277525,197197,278794,386181,556319,-170138
"Macao SAR, China",90.34140778,89.49175262,91.25361633,,94004.38983,118020,69.78,245930,306325,222921,282456,468857,588781,-119924
"Macedonia, FYR",88.25611877,88.8559494,87.62509918,,5469.217898,13260,68.06,724910,1038992,745123,1038503,1470032,2077495,-607463
Madagascar,,,,,452.4631926,1400,3.7,6550416,11831163,6461942,11758638,13012354,23589801,-10577447
Malawi,,,,65.14537,354.7253961,1120,5.83,4513866,8618832,4365718,8450006,8879588,17068838,-8189250
Malaysia,98.36566162,98.67256165,98.04112244,,11183.72943,24640,63.66542588,9990866,14607024,10829241,15620993,20820049,30228017,-9407968
Maldives,,,,98.61012,9220.328165,16150,49.28,121202,175201,168393,225799,289582,401000,-111418
Mali,63.56684113,66.9916687,59.99409103,,848.2279485,1910,7,4237640,8481734,4154626,8481112,8392260,16962846,-8570586
Malta,98.82511139,98.00083923,99.70091248,,26248.77189,32380,73.17,141393,213261,147964,214103,289355,427364,-138009
Marshall Islands,,,,,3461.781164,4930,16.8,,,,,,52898,-52898
Mauritania,75.08180237,73.38324738,76.83061981,,1326.668654,3750,10.7,1137088,2018404,1156927,2045516,2294015,4063920,-1769905
Mauritius,96.55326843,95.53356171,97.6138382,92.47476,10153.93822,18740,44.80327537,445014,636160,446497,624774,891504,1260934,-369430
Mexico,97.59636688,97.06040955,98.15379333,94.55588,10452.78353,17230,44.39,41160571,62378597,40515495,61843003,81676066,124221600,-42545534
"Micronesia, Fed. Sts.",87.05473328,85.90046692,88.29696655,,3057.24559,3560,29.65,31016,50770,32685,53245,63702,104015,-40313
Moldova,90.00174713,90.06066895,89.93939209,,2244.763762,5540,46.6,1354993,1846997,1288756,1709400,2643738,3556397,-912659
Monaco,,,,,,,92.4,,,,,,38132,-38132
Mongolia,95.61865997,96.23738098,94.98651123,,4181.583313,10980,19.94244743,1000521,1475577,981584,1448319,1982109,2923896,-941787
Montenegro,,,,,7378.345289,15610,61,210383,315153,211127,306657,421507,621810,-200303
Morocco,98.923172,99.03386688,98.80677795,,3154.513484,7270,56.8,11531616,17350958,11091305,16967124,22622915,34318082,-11695167
Mozambique,87.55632782,89.66120911,85.44094086,,623.2871141,1120,9.236314896,7307071,13951848,6700789,13260534,14007850,27212382,-13204532
Myanmar,94.52787781,,,,1260.422411,4780,11.52,17718689,26568570,16788447,25355612,34507130,51924182,-17417052
Namibia,,,,,5392.712419,10110,14.84,730083,1219635,675454,1151357,1405531,2370992,-965461
Nauru,86.62674713,88.74172211,84.49198151,,,,,,,,,,,0
Nepal,94.66152954,95.31694031,93.97155762,,706.2386977,2430,15.44,9165560,14578845,8190304,13744396,17355470,28323241,-10967771
Netherlands,,,,,52157.40687,48880,91.666666,5483805,8483704,5584727,8381304,11068561,16865008,-5796447
New Caledonia,,,,,,,70,89082,132560,91261,135440,180344,268000,-87656
New Zealand,98.49423981,98.62850189,98.35320282,,44503.24673,35680,85.5,1505524,2292592,1453266,2217108,2958794,4509700,-1550906
Nicaragua,,,,,1975.464707,5040,17.6,1989686,3049989,1890293,2964008,3879978,6013997,-2134019
Niger,61.75978851,66.44003296,56.86930084,,429.790889,930,1.95,4582771,9560027,4463712,9588192,9046469,19148219,-10101750
Nigeria,,,,,3221.678116,5780,21,46421720,87106365,47214174,89354137,93635896,176460502,-82824606
Northern Mariana Islands,,,,,15513.69612,,,,,,,,54468,-54468
Norway,99.88796234,99.90908051,99.86592102,,97199.9191,68070,96.3,1649503,2554063,1734844,2583169,3384343,5137232,-1752889
Oman,97.88333893,97.6446991,98.13098145,91.9812,20458.45227,40160,70.22,935127,1419517,2040886,2541408,2976014,3960925,-984911
Pakistan,72.97920227,78.57279205,66.93193817,56.97715,1316.980966,5090,12,54772682,90223238,57134818,95323019,111907431,185546257,-73638826
Palau,99.31213379,,,,11682.76761,13420,,,,,,,21094,-21094
Panama,93.40180969,93.61058044,93.18451691,,12593.73704,19860,44.92,1254797,1945797,1263101,1958189,2517900,3903986,-1386086
Papua New Guinea,,,,,2965.989284,3740,6.5,2264902,3810527,2344241,3945258,4609145,7755785,-3146640
Paraguay,,,,94.61672,4712.822736,8510,43,2044145,3227025,2121338,3325559,4165479,6552584,-2387105
Peru,95.30856323,94.92253113,95.71116638,93.70795,6491.05245,11650,40.2,10103866,15500874,10074348,15472480,20178212,30973354,-10795142
Philippines,,,,,2842.938353,8410,49.6,31272281,49648311,31794932,50453938,63067209,100102249,-37035040
Poland,96.52667236,96.51361847,96.5404129,,14339.67455,24840,66.6,13360176,19647678,13252717,18364057,26612967,38011735,-11398768
Portugal,98.77313232,98.90167999,98.63832092,,22077.53613,28310,64.59,3516720,5466320,3289136,4934742,6805950,10401062,-3595112
Puerto Rico,84.87825012,81.99285126,88.02710724,,,,76.13385972,1221415,1835923,1137619,1698951,2359037,3534874,-1175837
Qatar,93.85986328,92.33975983,95.48912048,97.74669,86852.71019,121570,91.49,412950,579161,1612088,1795258,2024601,2374419,-349818
Romania,,,,,10020.27733,20530,54.08,6765584,10257961,6746013,9651018,13511662,19908979,-6397317
Russian Federation,96.21253967,95.54009247,96.91802216,,14125.9061,24650,70.52,52563624,77029543,48471342,66790123,101035287,143819666,-42784379
Rwanda,96.6725769,95.73754883,97.60109711,,706.5699517,1660,10.6,3270710,5784486,3102115,5560871,6372827,11345357,-4972530
Samoa,97.32630157,96.6071701,98.09536743,,4179.049934,5590,21.2,52614,93107,57529,99183,110145,192290,-82145
San Marino,,,,,56513.51608,,,,,,,,32657,-32657
Sao Tome and Principe,95.52287292,95.77410126,95.26792908,,1824.160311,3110,24.41,51248,96045,50532,95221,101780,191266,-89486
Saudi Arabia,96.48631287,97.94654083,94.9522171,,24575.40304,53570,64.71365737,8900574,13370865,12780503,17405857,21682073,30776722,-9094649
Senegal,72.83863068,69.84784698,75.89386749,,1052.127482,2280,17.7,4061941,7410633,3772683,7135478,7834611,14546111,-6711500
Serbia,98.58827209,98.32454681,98.86675262,,6200.173221,13250,62.07508046,2405861,3645186,2396458,3485390,4802321,7130576,-2328255
Seychelles,94.68504333,94.12747955,95.26531982,,15570.77892,24950,51.25470199,31674,45740,32492,45619,64166,91359,-27193
Sierra Leone,,,,,708.4427474,1740,6.057298984,1959344,3577087,1894255,3502075,3853601,7079162,-3225561
Singapore,,,,96.71666,56336.07234,82420,79.02923586,2014565,2769075,1983831,2700649,3998397,5469724,-1471327
Sint Maarten (Dutch part),,,,,,,,,,,,,,0
Slovak Republic,,,,,18629.77966,28510,79.98,1926748,2785837,1927149,2632812,3853888,5418649,-1564761
Slovenia,97.81732941,97.30812836,98.3575592,,24202.43084,30960,71.59,678384,1039290,719281,1022690,1397654,2061980,-664326
Solomon Islands,70.15486145,70.45131683,69.83982849,,2009.652622,2020,9,162220,283021,164159,292483,326381,575504,-249123
Somalia,,,,,417.8900143,,1.63,3442475,6779294,3373726,6733831,6816191,13513125,-6696934
South Africa,,,,94.1399,6484.584983,12780,49,17953267,27556160,17489061,26590575,35442305,54146734.74,-18704429.74
South Sudan,,,,,,,,,,,,,,0
Spain,98.98719025,98.82086945,99.16345215,98.09372,29623.16445,33570,76.19,15359008,23643347,15587343,22837535,30946615,46480882,-15534267
Sri Lanka,97.33377838,98.20918274,96.44976807,,3820.540994,10960,25.8,7145079,10748908,6627537,10022092,13772602,20771000,-6998398
St. Kitts and Nevis,81.13179016,79.7494812,82.55528259,,15775.84594,23990,68,,,,,,53739,-53739
St. Lucia,,,,,8796.69108,11600,50,63135,89957,61039,86464,124178,176421,-52243
St. Martin (French part),,,,,,,,,,,,,,0
St. Vincent and the Grenadines,91.20330811,91.51365662,90.8861618,,6650.061128,10860,47.4,36478,54167,37865,55190,74348,109357,-35009
Sudan,,,,,2176.898029,3990,24.64,10430524,18894843,10228180,18843070,20658679,37737913,-17079234
Suriname,92.72210693,92.04389191,93.41986847,,9564.406383,15910,40.08,179955,272706,182547,275222,362505,547928,-185423
Swaziland,79.74373627,79.88144684,79.60424042,,3379.896499,8310,26.17500573,398727,667383,364799,627714,763530,1295097,-531567
Sweden,99.71460724,99.60727692,99.82781982,,59180.19898,47440,92.52,3028497,4852905,3132501,4843205,6161002,9696110,-3535108
Switzerland,99.64360046,99.42202759,99.87782288,,86605.56338,61800,87.4,2736228,4139717,2784870,4048932,5521093,8188649,-2667556
Syrian Arab Republic,,,,,,,28.09,5548623,9493706,5642167,9709384,11190794,19203090,-8012296
Tajikistan,97.22332001,97.38831329,97.04788208,,1104.459019,3320,17.49,2583401,4156506,2565151,4206239,5148555,8362745,-3214190
Tanzania,80.0905304,79.49481201,80.68151855,,950.3743138,2500,7,13769551,26429367,13189383,25805502,26958914,52234869,-25275955
Thailand,92.3923111,92.81214905,91.95246124,,5941.84071,14830,34.89,25006865,34985136,23953374,33431636,48960244,68416772,-19456528
Timor-Leste,97.84709167,96.31178284,99.44944763,,1196.061391,4910,17.5,311726,596898,322752,615916,634478,1212814,-578336
Togo,93.02554321,96.247612,89.7881012,,620.1318489,1250,5.7,1997305,3627480,1978948,3601435,3976251,7228915,-3252664
Tonga,98.68424988,,,,4196.470593,5340,35.95444145,30318,52757,30200,53025,60517,105782,-45265
Trinidad and Tobago,,,,,19325.27739,30190,65.1,476342,685691,472511,668802,948850,1354493,-405643
Tunisia,,,,79.03643,4270.307423,10920,46.16,3894197,5635329,3786570,5508579,7680759,11143908,-3463149
Turkey,94.2770462,94.77960968,93.75357056,95.43963,12127.22567,22910,51.04,26038464,39150624,25177514,37880004,51215979,77030628,-25814649
Turkmenistan,,,,,7962.365824,13940,12.2,1830700,2775291,1761659,2690950,3592358,5466241,-1873883
Turks and Caicos Islands,,,,,,,,,,,,,33739,-33739
Tuvalu,96.07702637,94.60916138,97.72727203,,3415.813158,4590,39.2,,,,,,10908,-10908
Uganda,,,,,702.8808064,1690,16.9,9700323,19527298,9449503,19306040,19149827,38833338,-19683511
Ukraine,96.51789856,95.51222229,97.58653259,,3104.658296,8580,46.23597546,16376728,24359093,15046039,20912854,31422954,45271947,-13848993
United Arab Emirates,96.19508362,96.00808716,96.39201355,,44449.74035,67660,90.4,1767612,2400876,5974086,6669991,7739507,9070867,-1331360
United Kingdom,99.85433197,,,,46783.46922,40180,91.61,20936354,32787524,20808009,31825636,41744392,64613160,-22868768
United States,94.03453064,93.65278625,94.43206024,,54598.55069,56160,73,105409766,161017913,105968389,157545543,211378325,318563456,-107185131
Uruguay,94.50714111,94.5483017,94.46411133,98.43593,16737.89827,20180,61.46,1107556,1769482,1082771,1650064,2190338,3419546,-1229208
Uzbekistan,96.74162292,97.80451202,95.6348114,99.98055,2050.448414,5920,35.5,10486061,15437659,10323217,15320041,20809283,30757700,-9948417
Vanuatu,,,,,3148.365103,3050,18.8,76775,127705,76250,131145,153019,258850,-105831
"Venezuela, RB",92.97892761,92.82801056,93.13626862,,15692.41288,17440,57,10098174,15426877,10008193,15311501,20106367,30738378,-10632011
Vietnam,,,,,2052.319084,5390,41,32035766,45862689,31712229,44866211,63747992,90728900,-26980908
Virgin Islands (U.S.),,,,,34789.28674,,50.07,34560,54454,30971,49716,65532,104170,-38638
West Bank and Gaza,92.95365906,92.91448212,92.99449921,96.42839,2960.778004,,53.67,1199879,2116581,1229918,2178101,2429794,4294682,-1864888
"Yemen, Rep.",,,,,1647.033657,3730,22.55,7326339,12983529,7434658,13262798,14760999,26246327,-11485328
Zambia,,,,,1738.088202,3750,19,4101763,7871673,3986294,7749301,8088061,15620974,-7532913
Zimbabwe,,,,,1031.104616,1790,16.36473996,4470276,7912708,4105265,7498967,8575500,15411675,-6836175
